PLAYER_NAME,TEAM_ABBREVIATION,AGE,GP,W,L,W_PCT,MIN,PTS,FG_PCT,FG3_PCT,FT_PCT,TRUE_SHOOTING,AST,TOV,AST_TOV_RATIO,REB,STL,BLK,PLUS_MINUS,CLUTCH_PPM,OVR_PPM,PTS_CER,OVR_PTS,OVR_FG_PCT,FG_PCT_RATIO
AJ Green,MIL,26.0,28,14,14,0.5,3.5,0.9,0.259,0.24,0.667,0.414,0.0,0.1,0.0,0.2,0.0,0.0,0.5,0.2571,0.3574,0.719,10.4,0.424,0.611
Aaron Gordon,DEN,30.0,14,9,5,0.643,5.2,3.4,0.586,0.615,0.6,0.706,0.4,0.2,2.0,0.8,0.1,0.1,1.8,0.6538,0.5806,1.126,16.2,0.497,1.179
Aaron Nesmith,IND,26.0,20,8,12,0.4,3.5,1.3,0.391,0.267,0.5,0.488,0.2,0.1,2.0,0.9,0.1,0.2,-0.5,0.3714,0.4646,0.799,13.8,0.414,0.944
Adem Bona,PHI,23.0,16,9,7,0.563,3.3,0.5,0.6,0.0,0.5,0.579,0.1,0.1,1.0,0.5,0.0,0.3,0.9,0.1515,0.2759,0.549,4.8,0.595,1.008
Alex Caruso,OKC,32.0,19,14,5,0.737,3.3,0.9,0.286,0.385,0.0,0.409,0.3,0.1,3.0,0.8,0.3,0.1,1.8,0.2727,0.3407,0.8,6.2,0.423,0.676
Alex Sarr,WAS,21.0,14,7,7,0.5,4.3,1.9,0.5,0.333,0.625,0.571,0.1,0.2,0.5,1.0,0.1,0.4,-1.1,0.4419,0.5993,0.737,16.3,0.482,1.037
Alperen Sengun,HOU,23.0,38,19,19,0.5,4.0,2.4,0.439,0.0,0.571,0.462,0.5,0.5,1.0,0.9,0.1,0.2,0.7,0.6,0.6126,0.979,20.4,0.519,0.846
Amen Thompson,HOU,23.0,42,19,23,0.452,4.0,1.7,0.51,0.0,0.808,0.581,0.3,0.3,1.0,0.8,0.1,0.0,-0.8,0.425,0.4893,0.869,18.3,0.534,0.955
Andrew Nembhard,IND,26.0,22,8,14,0.364,3.5,1.5,0.438,0.333,0.6,0.472,0.5,0.5,1.0,0.3,0.0,0.0,-1.1,0.4286,0.5399,0.794,16.9,0.442,0.991
Andrew Wiggins,MIA,31.0,25,13,12,0.52,3.3,1.9,0.583,0.615,0.706,0.726,0.1,0.0,,0.6,0.2,0.0,-0.7,0.5758,0.5083,1.133,15.4,0.475,1.227
Anthony Black,ORL,22.0,26,17,9,0.654,4.2,1.5,0.5,0.25,0.5,0.545,0.3,0.2,1.5,0.4,0.3,0.1,-0.3,0.3571,0.5034,0.709,15.0,0.447,1.119
Anthony Edwards,MIN,24.0,24,15,9,0.625,3.9,5.6,0.565,0.378,0.833,0.688,0.3,0.3,1.0,0.9,0.2,0.1,1.0,1.4359,0.8229,1.745,28.8,0.489,1.155
Austin Reaves,LAL,27.0,19,14,5,0.737,3.4,1.4,0.32,0.071,0.833,0.448,0.1,0.3,0.33,0.7,0.0,0.1,1.9,0.4118,0.6754,0.61,23.3,0.49,0.653
Bennedict Mathurin,LAC,23.0,23,9,14,0.391,4.0,1.9,0.321,0.0,0.862,0.536,0.3,0.3,1.0,0.6,0.1,0.0,-0.7,0.475,0.5867,0.81,17.6,0.43,0.747
Brandin Podziemski,GSW,23.0,33,14,19,0.424,3.0,1.3,0.517,0.385,0.667,0.604,0.3,0.1,3.0,0.5,0.2,0.0,0.1,0.4333,0.4859,0.892,13.8,0.455,1.136
Brandon Ingram,TOR,28.0,32,19,13,0.594,3.2,2.0,0.394,0.3,0.75,0.448,0.3,0.1,3.0,0.5,0.1,0.1,1.0,0.625,0.6361,0.983,21.5,0.477,0.826
Brandon Miller,CHA,23.0,20,10,10,0.5,3.3,1.3,0.208,0.167,0.929,0.431,0.2,0.2,1.0,0.8,0.1,0.2,-0.6,0.3939,0.6667,0.591,20.2,0.435,0.478
Brandon Williams,DAL,26.0,22,11,11,0.5,3.3,1.4,0.321,0.182,0.733,0.435,0.5,0.1,5.0,0.4,0.1,0.0,1.0,0.4242,0.5856,0.724,13.0,0.472,0.68
Brice Sensabaugh,UTA,22.0,16,8,8,0.5,3.1,1.8,0.692,0.714,0.833,0.922,0.1,0.1,1.0,0.5,0.1,0.0,0.3,0.5806,0.634,0.916,14.9,0.46,1.504
Brook Lopez,LAC,38.0,11,6,5,0.545,3.6,1.2,0.462,0.167,0.0,0.466,0.2,0.1,2.0,0.9,0.1,0.2,0.0,0.3333,0.3899,0.855,8.5,0.428,1.079
CJ McCollum,ATL,34.0,27,14,13,0.519,3.9,2.5,0.381,0.37,0.692,0.496,0.4,0.2,2.0,0.4,0.1,0.1,0.3,0.641,0.6275,1.022,18.7,0.455,0.837
Cade Cunningham,DET,24.0,31,21,10,0.677,3.4,3.9,0.5,0.067,0.792,0.6,0.6,0.3,2.0,0.7,0.1,0.1,1.4,1.1471,0.705,1.627,23.9,0.461,1.085
Cameron Johnson,DEN,30.0,23,11,12,0.478,4.3,1.0,0.294,0.308,0.889,0.571,0.2,0.0,,0.4,0.1,0.1,0.5,0.2326,0.4,0.582,12.2,0.48,0.612
Cason Wallace,OKC,22.0,27,18,9,0.667,3.0,0.8,0.533,0.429,1.0,0.621,0.2,0.2,1.0,0.3,0.2,0.0,1.4,0.2667,0.3233,0.825,8.6,0.432,1.234
Cedric Coward,MEM,22.0,28,12,16,0.429,3.2,1.6,0.395,0.368,0.615,0.494,0.3,0.3,1.0,0.8,0.0,0.1,-0.3,0.5,0.5271,0.949,13.6,0.471,0.839
Chet Holmgren,OKC,24.0,27,20,7,0.741,3.7,2.0,0.552,0.667,0.75,0.668,0.1,0.0,,1.3,0.0,0.0,2.4,0.5405,0.5917,0.913,17.1,0.557,0.991
Christian Braun,DEN,25.0,21,10,11,0.476,5.0,0.5,0.167,0.286,0.833,0.342,0.1,0.1,1.0,0.6,0.0,0.1,-1.9,0.1,0.3774,0.265,12.0,0.519,0.322
Coby White,CHA,26.0,16,10,6,0.625,3.9,3.8,0.447,0.429,0.8,0.612,0.6,0.5,1.2,0.4,0.1,0.0,1.3,0.9744,0.696,1.4,17.4,0.446,1.002
Collin Gillespie,PHX,26.0,30,14,16,0.467,3.0,1.0,0.345,0.294,1.0,0.479,0.3,0.1,3.0,0.3,0.1,0.0,0.2,0.3333,0.4456,0.748,12.7,0.418,0.825
Collin Murray-Boyles,TOR,20.0,13,7,6,0.538,3.1,0.8,0.333,0.0,0.571,0.435,0.1,0.2,0.5,1.0,0.2,0.1,-0.5,0.2581,0.3881,0.665,8.5,0.579,0.575
Cooper Flagg,DAL,19.0,39,15,24,0.385,3.9,2.3,0.431,0.3,0.833,0.549,0.5,0.2,2.5,1.0,0.1,0.1,-0.8,0.5897,0.6269,0.941,21.0,0.468,0.921
Daeqwon Plowden,SAC,27.0,10,6,4,0.6,3.1,2.3,0.875,0.8,1.0,1.127,0.1,0.1,1.0,0.7,0.0,0.0,3.1,0.7419,0.4091,1.813,10.8,0.43,2.035
Daniss Jenkins,DET,24.0,24,16,8,0.667,3.0,2.1,0.367,0.3,0.862,0.574,0.2,0.2,1.0,0.4,0.0,0.0,0.8,0.7,0.4604,1.52,9.3,0.408,0.9
Darius Garland,LAC,26.0,18,7,11,0.389,3.1,2.4,0.469,0.5,0.889,0.594,0.5,0.4,1.25,0.4,0.0,0.1,-0.1,0.7742,0.6288,1.231,18.8,0.46,1.02
De'Aaron Fox,SAS,28.0,29,19,10,0.655,3.5,2.8,0.422,0.25,0.952,0.558,0.7,0.2,3.5,0.4,0.2,0.0,1.5,0.8,0.6,1.333,18.6,0.486,0.868
DeMar DeRozan,SAC,36.0,29,13,16,0.448,3.5,3.0,0.458,0.455,0.902,0.648,0.5,0.1,5.0,0.4,0.1,0.0,-0.3,0.8571,0.5897,1.453,18.4,0.497,0.922
Deandre Ayton,LAL,27.0,18,15,3,0.833,3.4,1.2,0.778,0.0,0.8,0.785,0.1,0.1,1.0,1.2,0.1,0.2,2.7,0.3529,0.4596,0.768,12.5,0.671,1.159
Deni Avdija,POR,25.0,36,19,17,0.528,3.7,3.0,0.5,0.4,0.796,0.648,0.6,0.4,1.5,0.6,0.1,0.1,-0.4,0.8108,0.7267,1.116,24.2,0.462,1.082
Dennis Schröder,CLE,32.0,22,10,12,0.455,3.1,2.0,0.467,0.333,0.929,0.601,0.2,0.3,0.67,0.4,0.1,0.0,-1.4,0.6452,0.4463,1.446,10.8,0.405,1.153
Derik Queen,NOP,21.0,26,7,19,0.269,3.1,1.2,0.36,0.2,0.75,0.475,0.3,0.4,0.75,0.7,0.2,0.2,-1.7,0.3871,0.468,0.827,11.7,0.473,0.761
Derrick Jones Jr.,LAC,29.0,16,8,8,0.5,4.6,2.1,0.524,0.333,0.769,0.636,0.1,0.1,1.0,0.5,0.1,0.2,-0.4,0.4565,0.3741,1.22,10.1,0.499,1.05
Derrick White,BOS,31.0,28,13,15,0.464,3.1,2.2,0.429,0.367,0.833,0.624,0.3,0.1,3.0,0.2,0.1,0.1,0.3,0.7097,0.4839,1.467,16.5,0.394,1.089
Desmond Bane,ORL,27.0,42,27,15,0.643,3.9,2.4,0.365,0.233,0.892,0.501,0.4,0.2,2.0,0.7,0.1,0.0,0.4,0.6154,0.5982,1.029,20.1,0.484,0.754
Devin Booker,PHX,29.0,30,14,16,0.467,3.5,3.4,0.443,0.308,0.867,0.639,0.5,0.4,1.25,0.5,0.0,0.1,-0.2,0.9714,0.7791,1.247,26.1,0.456,0.971
Dillon Brooks,PHX,30.0,27,16,11,0.593,3.2,1.7,0.432,0.333,0.818,0.539,0.2,0.2,1.0,0.4,0.1,0.0,1.1,0.5312,0.6645,0.799,20.2,0.435,0.993
Dominick Barlow,PHI,22.0,13,7,6,0.538,4.0,0.8,0.375,0.0,0.625,0.463,0.1,0.2,0.5,0.7,0.0,0.1,0.1,0.2,0.3235,0.618,7.7,0.539,0.696
Donte DiVincenzo,MIN,29.0,29,16,13,0.552,3.3,1.1,0.36,0.444,0.857,0.557,0.4,0.3,1.33,0.4,0.2,0.0,0.2,0.3333,0.4013,0.831,12.2,0.406,0.887
Draymond Green,GSW,36.0,28,12,16,0.429,3.6,1.0,0.692,0.5,0.778,0.791,0.6,0.2,3.0,0.8,0.1,0.1,-0.5,0.2778,0.3055,0.909,8.4,0.418,1.656
Dyson Daniels,ATL,23.0,33,16,17,0.485,3.8,1.0,0.5,0.0,0.75,0.53,0.5,0.1,5.0,1.0,0.1,0.0,-0.5,0.2632,0.3584,0.734,11.9,0.517,0.967
Franz Wagner,ORL,24.0,16,9,7,0.563,4.1,2.9,0.412,0.308,0.833,0.561,0.1,0.1,1.0,0.7,0.2,0.0,1.1,0.7073,0.6867,1.03,20.6,0.481,0.857
Gary Trent Jr.,MIL,27.0,14,7,7,0.5,3.3,1.1,0.333,0.444,0.6,0.511,0.0,0.2,0.0,0.1,0.1,0.0,-0.4,0.3333,0.3821,0.872,8.1,0.387,0.86
Giannis Antetokounmpo,MIL,31.0,20,11,9,0.55,3.5,2.6,0.436,0.0,0.654,0.505,0.6,0.5,1.2,1.4,0.2,0.1,0.3,0.7429,0.955,0.778,27.6,0.624,0.699
Grayson Allen,PHX,30.0,25,13,12,0.52,3.3,2.0,0.35,0.222,0.85,0.512,0.5,0.2,2.5,0.4,0.0,0.0,-0.3,0.6061,0.5729,1.058,16.5,0.403,0.868
Gui Santos,GSW,23.0,18,8,10,0.444,4.0,2.1,0.591,0.167,0.714,0.677,0.3,0.3,1.0,0.8,0.1,0.0,1.1,0.525,0.4488,1.17,9.2,0.5,1.182
Herbert Jones,NOP,27.0,27,9,18,0.333,3.2,0.4,0.5,0.0,1.0,0.5,0.2,0.0,,0.3,0.1,0.1,-1.4,0.125,0.3134,0.399,8.9,0.383,1.305
Immanuel Quickley,TOR,26.0,29,18,11,0.621,3.0,1.7,0.39,0.409,0.692,0.539,0.3,0.1,3.0,0.5,0.1,0.0,0.9,0.5667,0.5141,1.102,16.4,0.443,0.88
Isaiah Collier,UTA,21.0,15,6,9,0.4,4.4,1.4,0.474,0.0,0.6,0.489,0.7,0.5,1.4,0.8,0.0,0.0,0.0,0.3182,0.4553,0.699,11.7,0.495,0.958
Isaiah Hartenstein,OKC,28.0,14,10,4,0.714,3.3,0.7,0.667,0.0,0.5,0.658,0.1,0.0,,1.2,0.2,0.0,1.7,0.2121,0.3802,0.558,9.2,0.622,1.072
Ivica Zubac,IND,29.0,18,7,11,0.389,4.1,1.9,0.563,0.0,0.773,0.665,0.3,0.2,1.5,1.2,0.1,0.1,0.3,0.4634,0.4684,0.989,14.1,0.598,0.941
Ja Morant,MEM,26.0,10,2,8,0.2,3.3,2.9,0.44,0.143,0.857,0.516,0.4,0.5,0.8,0.1,0.3,0.1,-2.6,0.8788,0.6866,1.28,19.5,0.41,1.073
Ja'Kobe Walter,TOR,21.0,12,7,5,0.583,3.0,0.5,0.286,0.167,1.0,0.388,0.1,0.1,1.0,0.5,0.0,0.0,1.3,0.1667,0.3659,0.456,7.5,0.446,0.641
Jabari Smith Jr.,HOU,23.0,39,19,20,0.487,4.5,1.5,0.373,0.324,0.714,0.508,0.2,0.1,2.0,0.9,0.1,0.1,-0.7,0.3333,0.4501,0.741,15.8,0.449,0.831
Jaden McDaniels,MIN,25.0,28,15,13,0.536,3.8,1.3,0.433,0.25,0.8,0.509,0.2,0.2,1.0,0.5,0.2,0.0,-0.1,0.3421,0.4669,0.733,14.8,0.515,0.841
Jaime Jaquez Jr.,MIA,25.0,21,12,9,0.571,3.2,1.4,0.45,0.333,0.917,0.554,0.8,0.0,,0.7,0.0,0.0,0.8,0.4375,0.5442,0.804,15.4,0.507,0.888
Jakob Poeltl,TOR,30.0,14,8,6,0.571,3.0,1.3,0.7,0.0,0.667,0.742,0.1,0.0,,0.9,0.0,0.1,-0.4,0.4333,0.428,1.012,10.7,0.7,1.0
Jalen Brunson,NYK,29.0,32,21,11,0.656,3.7,3.6,0.488,0.444,0.774,0.592,0.7,0.3,2.33,0.5,0.1,0.0,1.7,0.973,0.7429,1.31,26.0,0.467,1.045
Jalen Duren,DET,22.0,32,21,11,0.656,3.6,1.4,0.448,0.0,0.731,0.559,0.1,0.2,0.5,1.3,0.1,0.2,1.5,0.3889,0.6915,0.562,19.5,0.65,0.689
Jalen Green,PHX,24.0,10,4,6,0.4,4.1,1.3,0.25,0.143,0.333,0.287,0.4,0.1,4.0,0.7,0.3,0.0,-2.1,0.3171,0.6873,0.461,17.8,0.422,0.592
Jalen Johnson,ATL,24.0,34,17,17,0.5,3.8,2.9,0.516,0.35,0.806,0.632,0.7,0.4,1.75,0.8,0.3,0.1,0.0,0.7632,0.6392,1.194,22.5,0.489,1.055
Jalen Suggs,ORL,24.0,24,16,8,0.667,3.4,1.6,0.5,0.385,0.833,0.656,0.5,0.2,2.5,0.6,0.1,0.1,1.8,0.4706,0.5,0.941,13.8,0.435,1.149
Jalen Williams,OKC,25.0,10,7,3,0.7,3.6,2.2,0.348,0.286,0.8,0.437,0.8,0.1,8.0,0.6,0.1,0.0,3.3,0.6111,0.6021,1.015,17.1,0.484,0.719
Jamal Murray,DEN,29.0,38,20,18,0.526,4.7,4.4,0.522,0.441,0.833,0.699,0.8,0.4,2.0,0.5,0.2,0.1,0.4,0.9362,0.7175,1.305,25.4,0.483,1.081
James Harden,CLE,36.0,31,19,12,0.613,3.5,3.6,0.467,0.357,0.922,0.691,0.5,0.3,1.67,0.7,0.2,0.0,2.2,1.0286,0.6782,1.517,23.6,0.434,1.076
Jaren Jackson Jr.,UTA,26.0,26,9,17,0.346,3.3,1.3,0.216,0.091,0.762,0.371,0.2,0.3,0.67,0.8,0.2,0.3,-1.4,0.3939,0.6403,0.615,19.4,0.476,0.454
Jaylen Brown,BOS,29.0,27,14,13,0.519,3.5,3.4,0.448,0.286,0.694,0.553,0.4,0.6,0.67,1.0,0.1,0.0,0.7,0.9714,0.8343,1.164,28.7,0.477,0.939
Jaylen Wells,MEM,22.0,30,12,18,0.4,3.2,0.9,0.313,0.154,0.8,0.379,0.1,0.1,1.0,0.3,0.0,0.0,-1.8,0.2812,0.4735,0.594,12.5,0.431,0.726
Jaylon Tyson,CLE,23.0,20,11,9,0.55,3.2,1.4,0.35,0.444,0.714,0.535,0.2,0.2,1.0,0.7,0.1,0.0,-1.1,0.4375,0.4907,0.892,13.2,0.493,0.71
Jimmy Butler III,GSW,36.0,16,7,9,0.438,3.5,1.6,0.421,1.0,0.75,0.563,0.6,0.1,6.0,0.4,0.1,0.1,-0.3,0.4571,0.6431,0.711,20.0,0.519,0.811
Joel Embiid,PHI,32.0,20,9,11,0.45,4.3,2.0,0.4,0.667,0.6,0.469,0.5,0.6,0.83,1.1,0.2,0.3,1.4,0.4651,0.8513,0.546,26.9,0.489,0.818
Josh Giddey,CHI,23.0,28,16,12,0.571,4.2,2.2,0.488,0.333,0.75,0.608,0.9,0.3,3.0,1.2,0.1,0.1,0.3,0.5238,0.5296,0.989,17.0,0.448,1.089
Julian Champagnie,SAS,24.0,29,18,11,0.621,3.3,0.8,0.364,0.375,0.143,0.45,0.2,0.0,,0.7,0.1,0.0,1.3,0.2424,0.4022,0.603,11.1,0.437,0.833
Julius Randle,MIN,31.0,31,17,14,0.548,3.5,1.5,0.424,0.0,0.909,0.533,0.5,0.5,1.0,0.6,0.1,0.0,0.5,0.4286,0.6394,0.67,21.1,0.481,0.881
Karl-Anthony Towns,NYK,30.0,29,16,13,0.552,3.0,1.2,0.458,0.273,0.688,0.564,0.2,0.1,2.0,1.0,0.0,0.0,1.1,0.4,0.6484,0.617,20.1,0.501,0.914
Kawhi Leonard,LAC,34.0,18,10,8,0.556,3.3,2.4,0.389,0.154,0.875,0.501,0.5,0.1,5.0,0.6,0.3,0.1,1.4,0.7273,0.8692,0.837,27.9,0.505,0.77
Kelly Oubre Jr.,PHI,30.0,22,12,10,0.545,3.7,1.1,0.5,0.333,1.0,0.661,0.1,0.1,1.0,0.5,0.0,0.0,2.6,0.2973,0.4476,0.664,14.1,0.467,1.071
Kevin Durant,HOU,37.0,43,20,23,0.465,4.3,3.4,0.529,0.419,0.837,0.684,0.6,0.5,1.2,0.4,0.1,0.2,-0.8,0.7907,0.7143,1.107,26.0,0.52,1.017
Kevin Porter Jr.,MIL,26.0,17,11,6,0.647,3.7,1.9,0.455,0.25,0.917,0.591,0.6,0.1,6.0,0.5,0.1,0.1,1.4,0.5135,0.5241,0.98,17.4,0.465,0.978
Keyonte George,UTA,22.0,23,11,12,0.478,4.1,4.0,0.429,0.321,0.921,0.635,0.5,0.4,1.25,0.5,0.2,0.0,1.3,0.9756,0.713,1.368,23.6,0.456,0.941
Khris Middleton,DAL,34.0,16,8,8,0.5,3.3,2.1,0.526,0.571,0.9,0.717,0.3,0.2,1.5,0.6,0.0,0.1,-0.5,0.6364,0.4474,1.422,10.2,0.42,1.252
Kon Knueppel,CHA,20.0,27,10,17,0.37,3.8,1.8,0.318,0.222,0.933,0.483,0.2,0.1,2.0,0.7,0.1,0.0,-1.3,0.4737,0.5873,0.807,18.5,0.475,0.669
Kyshawn George,WAS,22.0,13,5,8,0.385,4.0,2.5,0.286,0.231,0.737,0.437,0.5,0.3,1.67,0.6,0.2,0.2,-0.7,0.625,0.5103,1.225,14.8,0.438,0.653
Landry Shamet,NYK,29.0,14,9,5,0.643,3.4,1.9,0.368,0.4,0.5,0.529,0.1,0.0,,0.3,0.1,0.0,0.9,0.5588,0.4043,1.382,9.3,0.437,0.842
Lauri Markkanen,UTA,28.0,16,10,6,0.625,4.4,3.6,0.526,0.455,0.813,0.634,0.1,0.3,0.33,1.1,0.1,0.3,2.1,0.8182,0.7784,1.051,26.7,0.477,1.103
Luguentz Dort,OKC,27.0,26,19,7,0.731,3.8,0.4,0.133,0.071,0.833,0.291,0.2,0.1,2.0,0.7,0.2,0.0,1.8,0.1053,0.3097,0.34,8.3,0.385,0.345
Luka Dončić,LAL,27.0,23,17,6,0.739,3.4,2.9,0.432,0.36,0.905,0.632,0.8,0.1,8.0,0.6,0.2,0.1,2.9,0.8529,0.9358,0.911,33.5,0.476,0.908
Matas Buzelis,CHI,21.0,32,16,16,0.5,3.2,1.5,0.395,0.333,0.688,0.528,0.1,0.1,1.0,0.5,0.0,0.0,-0.1,0.4688,0.5582,0.84,16.3,0.463,0.853
Max Christie,DAL,23.0,38,13,25,0.342,3.1,1.3,0.484,0.4,0.917,0.697,0.2,0.1,2.0,0.4,0.0,0.1,-0.6,0.4194,0.4227,0.992,12.3,0.441,1.098
Maxime Raynaud,SAC,23.0,19,10,9,0.526,3.0,1.5,0.688,0.0,0.7,0.735,0.1,0.2,0.5,0.5,0.1,0.0,1.3,0.5,0.4717,1.06,12.5,0.571,1.205
Michael Porter Jr.,BKN,27.0,23,5,18,0.217,3.1,1.7,0.3,0.16,1.0,0.443,0.1,0.2,0.5,0.5,0.1,0.0,-2.0,0.5484,0.7446,0.737,24.2,0.463,0.648
Mikal Bridges,NYK,29.0,31,19,12,0.613,3.4,1.0,0.478,0.412,1.0,0.672,0.2,0.1,2.0,0.3,0.1,0.1,1.3,0.2941,0.439,0.67,14.4,0.49,0.976
Miles Bridges,CHA,28.0,20,9,11,0.45,4.8,3.4,0.438,0.238,0.913,0.581,0.4,0.1,4.0,1.1,0.1,0.0,0.9,0.7083,0.5516,1.284,17.1,0.46,0.952
Moussa Diabaté,CHA,24.0,21,9,12,0.429,3.4,0.6,1.0,0.0,0.75,1.042,0.1,0.1,1.0,0.7,0.1,0.2,0.0,0.1765,0.3038,0.581,7.9,0.631,1.585
Nickeil Alexander-Walker,ATL,27.0,34,16,18,0.471,3.8,2.3,0.404,0.367,0.815,0.56,0.1,0.1,1.0,0.3,0.1,0.1,-0.6,0.6053,0.6228,0.972,20.8,0.459,0.88
Nikola Jokić,DEN,31.0,32,15,17,0.469,4.8,4.8,0.484,0.214,0.819,0.613,0.8,0.3,2.67,1.4,0.1,0.1,-0.3,1.0,0.796,1.256,27.7,0.569,0.851
Nikola Vučević,BOS,35.0,30,16,14,0.533,3.6,2.1,0.5,0.333,0.833,0.587,0.3,0.1,3.0,0.9,0.2,0.1,-0.1,0.5833,0.5317,1.097,15.1,0.493,1.014
Nique Clifford,SAC,24.0,13,8,5,0.615,3.3,1.2,0.455,0.2,0.833,0.588,0.6,0.3,2.0,0.8,0.1,0.0,2.3,0.3636,0.3426,1.061,8.6,0.418,1.089
Nolan Traore,BKN,19.0,13,3,10,0.231,3.6,2.5,0.417,0.333,0.9,0.581,0.5,0.5,1.0,0.5,0.1,0.0,-2.6,0.6944,0.4009,1.732,8.9,0.38,1.097
Norman Powell,MIA,32.0,21,11,10,0.524,3.0,2.3,0.419,0.167,0.875,0.58,0.1,0.3,0.33,0.2,0.1,0.0,-0.8,0.7667,0.7331,1.046,21.7,0.47,0.891
OG Anunoby,NYK,28.0,29,19,10,0.655,3.3,1.8,0.5,0.5,0.875,0.719,0.1,0.1,1.0,0.6,0.1,0.0,1.8,0.5455,0.503,1.084,16.7,0.484,1.033
Onyeka Okongwu,ATL,25.0,29,15,14,0.517,3.4,0.8,0.412,0.308,0.833,0.581,0.2,0.1,2.0,0.7,0.0,0.0,0.1,0.2353,0.4903,0.48,15.2,0.48,0.858
P.J. Washington,DAL,27.0,31,10,21,0.323,3.6,1.2,0.294,0.111,0.7,0.44,0.1,0.2,0.5,0.6,0.1,0.2,-0.8,0.3333,0.4581,0.728,14.2,0.45,0.653
Paolo Banchero,ORL,23.0,37,24,13,0.649,4.1,1.9,0.263,0.105,0.778,0.36,0.5,0.3,1.67,0.8,0.1,0.1,-0.1,0.4634,0.6398,0.724,22.2,0.459,0.573
Pascal Siakam,IND,32.0,28,10,18,0.357,3.7,2.2,0.429,0.222,0.545,0.468,0.3,0.2,1.5,0.6,0.2,0.2,-1.0,0.5946,0.7229,0.823,24.0,0.484,0.886
Paul George,PHI,36.0,14,7,7,0.5,4.7,1.7,0.353,0.4,0.889,0.581,0.7,0.1,7.0,1.4,0.4,0.1,1.6,0.3617,0.5635,0.642,17.3,0.439,0.804
Payton Pritchard,BOS,28.0,30,15,15,0.5,3.1,1.2,0.4,0.417,1.0,0.615,0.2,0.0,,0.4,0.1,0.0,0.3,0.3871,0.5263,0.736,17.0,0.464,0.862
Peyton Watson,DEN,23.0,22,12,10,0.545,3.7,0.8,0.235,0.143,0.692,0.376,0.0,0.2,0.0,0.5,0.1,0.3,0.2,0.2162,0.4932,0.438,14.6,0.491,0.479
Quentin Grimes,PHI,26.0,31,14,17,0.452,4.1,1.9,0.429,0.333,0.917,0.654,0.2,0.1,2.0,0.4,0.1,0.1,0.7,0.4634,0.4558,1.017,13.4,0.45,0.953
Royce O'Neale,PHX,32.0,32,17,15,0.531,3.3,0.8,0.32,0.316,1.0,0.474,0.2,0.1,2.0,0.7,0.2,0.1,-0.3,0.2424,0.3451,0.702,9.8,0.421,0.76
Rudy Gobert,MIN,33.0,27,16,11,0.593,3.1,1.0,0.588,0.0,0.538,0.61,0.1,0.1,1.0,0.9,0.1,0.2,0.6,0.3226,0.3482,0.926,10.9,0.682,0.862
Russell Westbrook,SAC,37.0,20,9,11,0.45,3.0,1.1,0.304,0.188,0.833,0.413,0.4,0.3,1.33,0.6,0.4,0.0,0.3,0.3667,0.526,0.697,15.2,0.427,0.712
Ryan Nembhard,DAL,23.0,10,4,6,0.4,3.3,0.2,0.125,0.0,0.0,0.125,0.0,0.0,,0.3,0.0,0.0,-1.6,0.0606,0.3385,0.179,6.6,0.415,0.301
Ryan Rollins,MIL,23.0,33,18,15,0.545,3.5,2.5,0.571,0.55,0.667,0.709,0.5,0.2,2.5,1.0,0.1,0.0,0.2,0.7143,0.5389,1.325,17.3,0.472,1.21
Saddiq Bey,NOP,27.0,36,11,25,0.306,3.6,2.2,0.533,0.353,0.889,0.666,0.1,0.1,1.0,0.8,0.1,0.0,-2.1,0.6111,0.5673,1.077,17.7,0.451,1.182
Sam Merrill,CLE,29.0,25,16,9,0.64,3.1,1.2,0.421,0.353,1.0,0.644,0.0,0.0,,0.3,0.1,0.0,2.4,0.3871,0.483,0.801,12.8,0.461,0.913
Scottie Barnes,TOR,24.0,35,21,14,0.6,3.3,1.6,0.529,0.0,0.8,0.612,0.4,0.3,1.33,0.8,0.1,0.3,1.1,0.4848,0.5403,0.897,18.1,0.507,1.043
Shai Gilgeous-Alexander,OKC,27.0,27,20,7,0.741,4.6,6.5,0.515,0.351,0.853,0.677,0.8,0.3,2.67,0.6,0.1,0.1,3.4,1.413,0.9367,1.508,31.1,0.553,0.931
Stephen Curry,GSW,38.0,17,7,10,0.412,3.6,4.5,0.436,0.455,0.875,0.626,0.3,0.5,0.6,0.4,0.2,0.0,-0.2,1.25,0.8608,1.452,26.6,0.468,0.932
Svi Mykhailiuk,UTA,28.0,13,5,8,0.385,3.0,0.5,0.375,0.25,0.0,0.417,0.2,0.0,,0.3,0.1,0.0,-0.5,0.1667,0.4069,0.41,9.4,0.478,0.785
Tim Hardaway Jr.,DEN,34.0,36,19,17,0.528,3.6,0.9,0.462,0.375,1.0,0.605,0.1,0.0,,0.2,0.0,0.0,0.3,0.25,0.5075,0.493,13.5,0.447,1.034
Tobias Harris,DET,33.0,27,18,9,0.667,3.7,2.0,0.447,0.333,1.0,0.546,0.1,0.1,1.0,0.5,0.1,0.0,1.4,0.5405,0.4801,1.126,13.3,0.469,0.953
Toumani Camara,POR,26.0,41,20,21,0.488,3.1,0.7,0.32,0.214,1.0,0.509,0.2,0.1,2.0,0.5,0.1,0.1,-0.2,0.2258,0.4024,0.561,13.4,0.44,0.727
Tre Johnson,WAS,20.0,11,4,7,0.364,3.0,0.3,0.111,0.0,0.5,0.169,0.3,0.1,3.0,0.3,0.1,0.1,-0.6,0.1,0.5083,0.197,12.2,0.419,0.265
Tre Jones,CHI,26.0,31,16,15,0.516,3.6,2.0,0.636,0.0,0.833,0.689,0.5,0.1,5.0,0.5,0.2,0.1,0.3,0.5556,0.5222,1.064,14.1,0.553,1.15
Trey Murphy III,NOP,25.0,37,11,26,0.297,3.9,1.7,0.391,0.308,0.952,0.581,0.2,0.1,2.0,0.5,0.1,0.1,-2.4,0.4359,0.6056,0.72,21.5,0.47,0.832
Tristan da Silva,ORL,24.0,26,15,11,0.577,3.5,1.3,0.524,0.385,0.857,0.697,0.1,0.2,0.5,0.7,0.2,0.1,0.4,0.3714,0.4008,0.927,9.9,0.45,1.164
Tyrese Maxey,PHI,25.0,36,19,17,0.528,4.4,4.0,0.465,0.267,0.863,0.585,0.8,0.3,2.67,0.4,0.1,0.2,0.9,0.9091,0.7447,1.221,28.3,0.462,1.006
VJ Edgecombe,PHI,20.0,38,22,16,0.579,4.0,1.9,0.587,0.545,0.636,0.713,0.2,0.2,1.0,0.8,0.2,0.1,2.1,0.475,0.4571,1.039,16.0,0.438,1.34
Victor Wembanyama,SAS,22.0,25,15,10,0.6,3.2,3.1,0.442,0.389,0.632,0.562,0.2,0.2,1.0,1.0,0.0,0.3,1.1,0.9688,0.8562,1.132,25.0,0.512,0.863
Vince Williams Jr.,UTA,25.0,10,6,4,0.6,3.2,1.5,0.5,0.429,0.8,0.735,0.8,0.3,2.67,0.7,0.3,0.1,-0.1,0.4688,0.3659,1.281,7.5,0.353,1.416
Wendell Carter Jr.,ORL,27.0,40,25,15,0.625,4.1,1.7,0.576,0.111,0.769,0.685,0.2,0.1,2.0,1.2,0.1,0.1,0.2,0.4146,0.4027,1.03,11.8,0.512,1.125
Zach LaVine,SAC,31.0,14,5,9,0.357,3.3,1.4,0.35,0.167,1.0,0.457,0.1,0.3,0.33,0.4,0.1,0.1,-2.8,0.4242,0.6115,0.694,19.2,0.479,0.731
Ziaire Williams,BKN,24.0,11,2,9,0.182,3.6,1.1,0.375,0.286,1.0,0.628,0.1,0.1,1.0,0.5,0.2,0.0,-1.9,0.3056,0.4454,0.686,10.2,0.425,0.882
Zion Williamson,NOP,25.0,32,9,23,0.281,3.2,2.1,0.412,0.0,0.781,0.515,0.3,0.3,1.0,0.4,0.3,0.1,-2.3,0.6562,0.7071,0.928,21.0,0.6,0.687
